CREATE DATABASE  IF NOT EXISTS `healthcenter_db` /*!40100 DEFAULT CHARACTER SET utf8mb4 COLLATE utf8mb4_0900_ai_ci */;
USE `healthcenter_db`;
-- MySQL dump 10.13  Distrib 8.0.12, for Win64 (x86_64)
--
-- Host: localhost    Database: healthcenter_db
-- ------------------------------------------------------
-- Server version	8.0.12

/*!40101 SET @OLD_CHARACTER_SET_CLIENT=@@CHARACTER_SET_CLIENT */;
/*!40101 SET @OLD_CHARACTER_SET_RESULTS=@@CHARACTER_SET_RESULTS */;
/*!40101 SET @OLD_COLLATION_CONNECTION=@@COLLATION_CONNECTION */;
 SET NAMES utf8 ;
/*!40103 SET @OLD_TIME_ZONE=@@TIME_ZONE */;
/*!40103 SET TIME_ZONE='+00:00' */;
/*!40014 SET @OLD_UNIQUE_CHECKS=@@UNIQUE_CHECKS, UNIQUE_CHECKS=0 */;
/*!40014 SET @OLD_FOREIGN_KEY_CHECKS=@@FOREIGN_KEY_CHECKS, FOREIGN_KEY_CHECKS=0 */;
/*!40101 SET @OLD_SQL_MODE=@@SQL_MODE, SQL_MODE='NO_AUTO_VALUE_ON_ZERO' */;
/*!40111 SET @OLD_SQL_NOTES=@@SQL_NOTES, SQL_NOTES=0 */;

--
-- Table structure for table `accountlogs`
--

DROP TABLE IF EXISTS `accountlogs`;
/*!40101 SET @saved_cs_client     = @@character_set_client */;
 SET character_set_client = utf8mb4 ;
CREATE TABLE `accountlogs` (
  `Id` int(11) NOT NULL AUTO_INCREMENT,
  `AccountId` int(11) DEFAULT NULL,
  `TimeIn` datetime DEFAULT CURRENT_TIMESTAMP ON UPDATE CURRENT_TIMESTAMP,
  `TimeOut` datetime DEFAULT NULL,
  PRIMARY KEY (`Id`)
) ENGINE=InnoDB AUTO_INCREMENT=445 DEFAULT CHARSET=utf8mb4 COLLATE=utf8mb4_0900_ai_ci;
/*!40101 SET character_set_client = @saved_cs_client */;

--
-- Dumping data for table `accountlogs`
--

LOCK TABLES `accountlogs` WRITE;
/*!40000 ALTER TABLE `accountlogs` DISABLE KEYS */;
INSERT INTO `accountlogs` VALUES (1,1,'2019-02-14 23:30:38','2019-02-14 23:30:38'),(2,1,'2019-02-14 23:36:10','2019-02-14 23:36:10'),(3,1,'2019-02-14 23:39:30','0001-01-01 00:00:00'),(4,1,'2019-02-14 23:47:06','2019-02-14 23:47:07'),(5,1,'2019-02-14 23:48:35','2019-02-14 23:48:35'),(6,1,'2019-02-14 23:49:32','2019-02-14 23:49:33'),(7,1,'2019-02-14 23:52:55','2019-02-14 23:52:55'),(8,1,'2019-02-14 23:54:50','2019-02-14 23:54:51'),(9,1,'2019-02-14 23:56:18','0001-01-01 00:00:00'),(10,1,'2019-02-14 23:58:06','2019-02-14 23:58:06'),(11,1,'2019-02-14 23:59:54','0001-01-01 00:00:00'),(12,1,'2019-02-15 00:06:01','2019-02-15 00:06:02'),(13,1,'2019-02-15 00:07:05','2019-02-15 00:07:05'),(14,1,'2019-02-15 00:17:32','2019-02-15 00:17:33'),(15,1,'2019-02-15 00:21:02','0001-01-01 00:00:00'),(16,1,'2019-02-15 00:24:55','0001-01-01 00:00:00'),(17,1,'2019-02-15 00:26:18','0001-01-01 00:00:00'),(18,1,'2019-02-15 00:27:20','0001-01-01 00:00:00'),(19,1,'2019-02-15 00:29:57','0001-01-01 00:00:00'),(20,1,'2019-02-15 00:30:55','0001-01-01 00:00:00'),(21,1,'2019-02-15 00:31:22','0001-01-01 00:00:00'),(22,1,'2019-02-15 00:34:06','2019-02-15 00:34:06'),(23,1,'2019-02-15 00:35:03','0001-01-01 00:00:00'),(24,1,'2019-02-15 00:36:00','0001-01-01 00:00:00'),(25,1,'2019-02-15 00:36:22','0001-01-01 00:00:00'),(26,1,'2019-02-15 00:37:19','0001-01-01 00:00:00'),(27,1,'2019-02-15 00:37:48','0001-01-01 00:00:00'),(28,1,'2019-02-15 00:38:12','0001-01-01 00:00:00'),(29,1,'2019-02-15 00:44:23','0001-01-01 00:00:00'),(30,1,'2019-02-15 00:47:13','0001-01-01 00:00:00'),(31,1,'2019-02-15 00:56:14','2019-02-15 00:56:15'),(32,1,'2019-02-15 00:57:01','2019-02-15 00:57:01'),(33,1,'2019-02-15 00:58:42','2019-02-15 00:58:43'),(34,1,'2019-02-15 01:04:07','2019-02-15 01:04:08'),(35,1,'2019-02-15 01:05:01','2019-02-15 01:05:02'),(36,1,'2019-02-15 20:43:49','2019-02-15 20:43:49'),(37,1,'2019-02-15 20:43:55','2019-02-15 20:43:55'),(38,1,'2019-02-15 20:54:48','2019-02-15 20:54:48'),(39,1,'2019-02-15 21:21:22','0001-01-01 00:00:00'),(40,1,'2019-02-15 21:39:38','0001-01-01 00:00:00'),(41,1,'2019-02-15 21:40:30','0001-01-01 00:00:00'),(42,1,'2019-02-15 21:42:10','0001-01-01 00:00:00'),(43,1,'2019-02-15 21:44:16','0001-01-01 00:00:00'),(44,1,'2019-02-15 21:45:55','0001-01-01 00:00:00'),(45,1,'2019-02-15 21:49:01','0001-01-01 00:00:00'),(46,1,'2019-02-15 21:50:12','0001-01-01 00:00:00'),(47,1,'2019-02-15 21:51:25','0001-01-01 00:00:00'),(48,1,'2019-02-15 21:52:35','0001-01-01 00:00:00'),(49,1,'2019-02-15 21:54:45','0001-01-01 00:00:00'),(50,1,'2019-02-15 22:25:03','2019-02-15 22:25:04'),(51,1,'2019-02-15 22:38:05','0001-01-01 00:00:00'),(52,1,'2019-02-15 22:59:37','0001-01-01 00:00:00'),(53,1,'2019-02-15 23:00:26','0001-01-01 00:00:00'),(54,1,'2019-02-15 23:04:18','0001-01-01 00:00:00'),(55,1,'2019-02-15 23:07:55','0001-01-01 00:00:00'),(56,1,'2019-02-15 23:09:12','2019-02-15 23:09:13'),(57,1,'2019-02-15 23:10:54','0001-01-01 00:00:00'),(58,1,'2019-02-15 23:13:28','0001-01-01 00:00:00'),(59,1,'2019-02-15 23:22:55','2019-02-15 23:22:56'),(60,1,'2019-02-15 23:35:00','2019-02-15 23:35:00'),(61,1,'2019-02-15 23:41:26','0001-01-01 00:00:00'),(62,1,'2019-02-15 23:54:46','2019-02-15 23:54:46'),(63,1,'2019-02-15 23:56:00','2019-02-15 23:56:00'),(64,1,'2019-02-15 23:56:50','2019-02-15 23:56:50'),(65,1,'2019-02-16 00:01:08','2019-02-16 00:01:09'),(66,1,'2019-02-16 00:03:16','0001-01-01 00:00:00'),(67,1,'2019-02-16 00:07:11','0001-01-01 00:00:00'),(68,1,'2019-02-16 00:08:49','2019-02-16 00:08:49'),(69,1,'2019-02-16 00:09:54','0001-01-01 00:00:00'),(70,1,'2019-02-16 00:11:45','2019-02-16 00:11:46'),(71,1,'2019-02-25 20:12:26','2019-02-25 20:12:27'),(72,1,'2019-02-25 20:15:19','2019-02-25 20:15:20'),(73,1,'2019-02-25 20:25:37','2019-02-25 20:25:37'),(74,1,'2019-02-25 20:32:47','2019-02-25 20:32:47'),(75,1,'2019-02-25 20:34:08','2019-02-25 20:34:09'),(76,1,'2019-02-25 20:37:02','2019-02-25 20:37:03'),(77,1,'2019-02-25 20:38:44','2019-02-25 20:38:44'),(78,1,'2019-02-25 20:38:48','2019-02-25 20:38:48'),(79,1,'2019-02-25 20:41:44','2019-02-25 20:41:44'),(80,1,'2019-02-25 20:48:37','2019-02-25 20:48:37'),(81,1,'2019-02-25 20:49:53','2019-02-25 20:49:53'),(82,1,'2019-02-25 21:12:20','2019-02-25 21:12:21'),(83,1,'2019-02-25 21:55:41','2019-02-25 21:55:41'),(84,1,'2019-02-25 21:58:13','0001-01-01 00:00:00'),(85,1,'2019-02-25 21:58:39','0001-01-01 00:00:00'),(86,1,'2019-02-25 21:59:12','0001-01-01 00:00:00'),(87,1,'2019-02-25 22:00:42','0001-01-01 00:00:00'),(88,1,'2019-02-25 22:01:59','0001-01-01 00:00:00'),(89,1,'2019-02-25 22:02:39','0001-01-01 00:00:00'),(90,1,'2019-02-25 22:03:03','0001-01-01 00:00:00'),(91,1,'2019-02-25 22:05:59','0001-01-01 00:00:00'),(92,1,'2019-02-25 22:13:40','2019-02-25 22:13:40'),(93,1,'2019-02-25 22:18:13','0001-01-01 00:00:00'),(94,1,'2019-02-25 22:30:00','2019-02-25 22:30:01'),(95,1,'2019-02-25 22:31:57','2019-02-25 22:31:58'),(96,1,'2019-02-25 22:34:09','0001-01-01 00:00:00'),(97,1,'2019-02-25 22:37:40','2019-02-25 22:37:40'),(98,1,'2019-02-25 22:37:43','2019-02-25 22:37:43'),(99,1,'2019-02-25 22:39:14','2019-02-25 22:39:14'),(100,1,'2019-02-25 22:39:18','2019-02-25 22:39:19'),(101,1,'2019-02-25 22:39:34','2019-02-25 22:39:35'),(102,1,'2019-02-25 22:39:39','2019-02-25 22:39:40'),(103,1,'2019-02-25 22:45:47','2019-02-25 22:45:48'),(104,1,'2019-03-08 21:25:17','2019-03-08 21:25:18'),(105,1,'2019-03-09 21:00:29','2019-03-09 21:00:30'),(106,1,'2019-03-09 21:07:58','0001-01-01 00:00:00'),(107,1,'2019-03-09 21:14:33','0001-01-01 00:00:00'),(108,1,'2019-03-09 21:17:19','0001-01-01 00:00:00'),(109,1,'2019-03-09 21:18:35','0001-01-01 00:00:00'),(110,1,'2019-03-09 21:22:31','2019-03-09 21:22:32'),(111,1,'2019-03-09 21:25:03','2019-03-09 21:25:04'),(112,1,'2019-03-09 21:27:06','2019-03-09 21:27:07'),(113,1,'2019-03-09 21:27:07','0001-01-01 00:00:00'),(114,1,'2019-03-09 21:30:18','0001-01-01 00:00:00'),(115,1,'2019-03-09 21:34:17','2019-03-09 21:34:17'),(116,1,'2019-03-09 21:36:16','2019-03-09 21:36:17'),(117,1,'2019-03-09 21:37:26','0001-01-01 00:00:00'),(118,1,'2019-03-09 21:42:19','2019-03-09 21:42:19'),(119,1,'2019-03-09 21:42:57','0001-01-01 00:00:00'),(120,1,'2019-03-09 21:44:38','0001-01-01 00:00:00'),(121,1,'2019-03-09 21:56:23','0001-01-01 00:00:00'),(122,1,'2019-03-09 22:08:42','2019-03-09 22:08:43'),(123,1,'2019-03-09 22:08:43','0001-01-01 00:00:00'),(124,1,'2019-03-09 22:09:34','2019-03-09 22:09:35'),(125,1,'2019-03-09 22:09:43','0001-01-01 00:00:00'),(126,1,'2019-03-09 22:12:14','0001-01-01 00:00:00'),(127,1,'2019-03-09 22:13:55','2019-03-09 22:13:55'),(128,1,'2019-03-09 22:14:09','0001-01-01 00:00:00'),(129,1,'2019-03-09 22:14:49','0001-01-01 00:00:00'),(130,1,'2019-03-09 22:17:15','0001-01-01 00:00:00'),(131,1,'2019-03-09 22:18:04','0001-01-01 00:00:00'),(132,1,'2019-03-09 22:21:48','2019-03-09 22:21:48'),(133,1,'2019-03-09 22:36:54','2019-03-09 22:36:55'),(134,1,'2019-03-24 19:01:33','0001-01-01 00:00:00'),(135,1,'2019-03-24 19:46:56','2019-03-24 19:46:57'),(136,1,'2019-04-13 14:03:17','2019-04-13 14:03:18'),(137,1,'2019-04-13 14:08:07','0001-01-01 00:00:00'),(138,1,'2019-04-13 14:19:19','2019-04-13 14:19:19'),(139,1,'2019-04-13 14:19:26','2019-04-13 14:19:27'),(140,1,'2019-04-13 14:20:49','2019-04-13 14:20:49'),(141,1,'2019-04-13 14:21:43','2019-04-13 14:21:44'),(142,4,'2019-04-13 14:23:46','2019-04-13 14:23:46'),(143,1,'2019-04-13 14:24:33','2019-04-13 14:24:33'),(144,1,'2019-04-13 14:35:06','2019-04-13 14:35:06'),(145,1,'2020-01-25 09:38:18','0001-01-01 00:00:00'),(146,1,'2020-01-25 09:40:04','0001-01-01 00:00:00'),(147,1,'2020-01-25 09:40:30','0001-01-01 00:00:00'),(148,1,'2020-01-25 09:41:31','0001-01-01 00:00:00'),(149,1,'2020-01-25 09:42:37','0001-01-01 00:00:00'),(150,1,'2020-01-25 09:42:43','0001-01-01 00:00:00'),(151,1,'2020-01-25 09:42:45','0001-01-01 00:00:00'),(152,1,'2020-01-25 09:42:45','0001-01-01 00:00:00'),(153,1,'2020-01-25 09:42:45','0001-01-01 00:00:00'),(154,1,'2020-01-25 09:42:46','0001-01-01 00:00:00'),(155,1,'2020-01-25 09:42:46','0001-01-01 00:00:00'),(156,1,'2020-01-25 09:42:46','0001-01-01 00:00:00'),(157,1,'2020-01-25 09:42:46','0001-01-01 00:00:00'),(158,1,'2020-01-25 09:42:46','0001-01-01 00:00:00'),(159,1,'2020-01-25 09:42:46','0001-01-01 00:00:00'),(160,1,'2020-01-25 09:42:46','0001-01-01 00:00:00'),(161,1,'2020-01-25 09:42:46','0001-01-01 00:00:00'),(162,1,'2020-01-25 09:42:46','0001-01-01 00:00:00'),(163,1,'2020-01-25 09:42:46','0001-01-01 00:00:00'),(164,1,'2020-01-25 09:42:46','0001-01-01 00:00:00'),(165,1,'2020-01-25 09:42:46','0001-01-01 00:00:00'),(166,1,'2020-01-25 09:42:46','0001-01-01 00:00:00'),(167,1,'2020-01-25 09:42:48','2020-01-25 09:42:49'),(168,1,'2020-01-25 09:43:02','0001-01-01 00:00:00'),(169,1,'2020-01-25 09:43:26','0001-01-01 00:00:00'),(170,1,'2020-01-25 09:44:55','0001-01-01 00:00:00'),(171,1,'2020-01-25 09:45:27','0001-01-01 00:00:00'),(172,1,'2020-01-25 09:46:38','0001-01-01 00:00:00'),(173,1,'2020-01-25 09:46:44','0001-01-01 00:00:00'),(174,1,'2020-01-25 09:46:44','2020-01-25 09:46:44'),(175,1,'2020-01-25 09:46:45','2020-01-25 09:46:45'),(176,1,'2020-01-25 09:46:46','2020-01-25 09:46:46'),(177,1,'2020-01-25 09:46:46','2020-01-25 09:46:46'),(178,1,'2020-01-25 09:46:46','2020-01-25 09:46:47'),(179,1,'2020-01-25 09:46:46','2020-01-25 09:46:47'),(180,1,'2020-01-25 09:46:47','2020-01-25 09:46:48'),(181,1,'2020-01-25 09:46:48','2020-01-25 09:46:48'),(182,1,'2020-01-25 09:46:48','2020-01-25 09:46:49'),(183,1,'2020-01-25 09:46:48','2020-01-25 09:46:49'),(184,1,'2020-01-25 09:49:12','0001-01-01 00:00:00'),(185,1,'2020-01-25 09:50:45','0001-01-01 00:00:00'),(186,1,'2020-01-25 09:50:48','0001-01-01 00:00:00'),(187,1,'2020-01-25 09:50:48','2020-01-25 09:50:49'),(188,1,'2020-01-25 09:50:49','2020-01-25 09:50:50'),(189,1,'2020-01-25 09:50:50','2020-01-25 09:50:50'),(190,1,'2020-01-25 09:50:50','2020-01-25 09:50:50'),(191,1,'2020-01-25 09:50:50','2020-01-25 09:50:50'),(192,1,'2020-01-25 09:50:50','2020-01-25 09:50:51'),(193,1,'2020-01-25 09:50:51','2020-01-25 09:50:51'),(194,1,'2020-01-25 09:50:51','2020-01-25 09:50:52'),(195,1,'2020-01-25 09:50:51','2020-01-25 09:50:52'),(196,1,'2020-01-25 09:50:52','2020-01-25 09:50:52'),(197,1,'2020-01-25 10:05:28','0001-01-01 00:00:00'),(198,1,'2020-01-25 10:05:29','0001-01-01 00:00:00'),(199,1,'2020-01-25 10:05:29','2020-01-25 10:05:30'),(200,1,'2020-01-25 10:05:30','2020-01-25 10:05:31'),(201,1,'2020-01-25 10:05:31','2020-01-25 10:05:31'),(202,1,'2020-01-25 10:05:49','0001-01-01 00:00:00'),(203,1,'2020-01-25 10:05:50','0001-01-01 00:00:00'),(204,1,'2020-01-25 10:05:51','2020-01-25 10:05:51'),(205,1,'2020-01-25 10:08:01','0001-01-01 00:00:00'),(206,1,'2020-01-25 10:09:36','0001-01-01 00:00:00'),(207,1,'2020-01-25 10:11:20','0001-01-01 00:00:00'),(208,1,'2020-01-25 10:11:30','0001-01-01 00:00:00'),(209,1,'2020-01-25 10:11:30','2020-01-25 10:11:31'),(210,1,'2020-01-25 10:12:00','0001-01-01 00:00:00'),(211,1,'2020-01-25 10:12:37','0001-01-01 00:00:00'),(212,1,'2020-01-25 10:12:45','0001-01-01 00:00:00'),(213,1,'2020-01-25 10:12:45','2020-01-25 10:12:45'),(214,1,'2020-01-25 10:13:05','0001-01-01 00:00:00'),(215,1,'2020-01-25 10:13:30','0001-01-01 00:00:00'),(216,1,'2020-01-25 10:15:32','0001-01-01 00:00:00'),(217,1,'2020-01-25 10:15:32','2020-01-25 10:15:32'),(218,1,'2020-01-25 10:15:33','2020-01-25 10:15:34'),(219,1,'2020-01-25 10:15:34','2020-01-25 10:15:34'),(220,1,'2020-01-25 10:17:47','0001-01-01 00:00:00'),(221,1,'2020-01-25 10:18:31','0001-01-01 00:00:00'),(222,1,'2020-01-25 10:18:31','2020-01-25 10:18:31'),(223,1,'2020-01-25 10:19:05','0001-01-01 00:00:00'),(224,1,'2020-01-25 10:21:32','0001-01-01 00:00:00'),(225,1,'2020-01-25 10:22:02','0001-01-01 00:00:00'),(226,1,'2020-01-25 10:22:02','2020-01-25 10:22:02'),(227,5,'2020-01-25 10:31:40','0001-01-01 00:00:00'),(228,5,'2020-01-25 10:34:41','0001-01-01 00:00:00'),(229,5,'2020-01-25 10:34:53','0001-01-01 00:00:00'),(230,5,'2020-01-25 10:34:53','2020-01-25 10:34:53'),(231,5,'2020-01-25 10:35:54','0001-01-01 00:00:00'),(232,5,'2020-01-25 10:36:23','0001-01-01 00:00:00'),(233,5,'2020-01-25 10:36:53','0001-01-01 00:00:00'),(234,5,'2020-01-25 10:37:23','0001-01-01 00:00:00'),(235,5,'2020-01-25 10:37:59','0001-01-01 00:00:00'),(236,5,'2020-01-25 10:38:30','0001-01-01 00:00:00'),(237,5,'2020-01-25 10:38:48','0001-01-01 00:00:00'),(238,5,'2020-01-25 10:39:28','0001-01-01 00:00:00'),(239,5,'2020-01-25 10:50:29','0001-01-01 00:00:00'),(240,5,'2020-01-25 10:50:52','0001-01-01 00:00:00'),(241,5,'2020-01-25 10:51:15','0001-01-01 00:00:00'),(242,5,'2020-01-25 10:52:11','0001-01-01 00:00:00'),(243,5,'2020-01-25 10:52:55','0001-01-01 00:00:00'),(244,5,'2020-01-25 10:53:02','0001-01-01 00:00:00'),(245,5,'2020-01-25 10:53:02','2020-01-25 10:53:02'),(246,5,'2020-01-25 10:53:02','2020-01-25 10:53:03'),(247,5,'2020-01-25 10:53:02','2020-01-25 10:53:03'),(248,5,'2020-01-25 10:53:03','2020-01-25 10:53:03'),(249,5,'2020-01-25 10:53:03','2020-01-25 10:53:03'),(250,5,'2020-01-25 10:54:43','0001-01-01 00:00:00'),(251,5,'2020-01-25 10:55:18','0001-01-01 00:00:00'),(252,5,'2020-01-25 10:57:09','0001-01-01 00:00:00'),(253,5,'2020-01-25 10:57:45','0001-01-01 00:00:00'),(254,5,'2020-01-25 11:11:39','0001-01-01 00:00:00'),(255,5,'2020-01-25 11:12:03','0001-01-01 00:00:00'),(256,5,'2020-01-25 11:12:31','0001-01-01 00:00:00'),(257,5,'2020-01-25 11:13:15','0001-01-01 00:00:00'),(258,1,'2020-01-25 11:13:59','0001-01-01 00:00:00'),(259,1,'2020-01-25 11:15:05','0001-01-01 00:00:00'),(260,1,'2020-01-25 11:20:05','0001-01-01 00:00:00'),(261,5,'2020-01-25 11:25:44','0001-01-01 00:00:00'),(262,5,'2020-01-25 11:31:16','0001-01-01 00:00:00'),(263,5,'2020-01-25 11:31:49','0001-01-01 00:00:00'),(264,5,'2020-01-25 11:35:14','0001-01-01 00:00:00'),(265,5,'2020-01-25 11:35:51','0001-01-01 00:00:00'),(266,5,'2020-01-25 11:36:04','2020-01-25 11:36:04'),(267,1,'2020-01-25 11:36:56','0001-01-01 00:00:00'),(268,1,'2020-01-25 11:39:14','0001-01-01 00:00:00'),(269,5,'2020-01-25 11:39:55','0001-01-01 00:00:00'),(270,5,'2020-01-25 11:41:19','0001-01-01 00:00:00'),(271,5,'2020-01-25 11:42:43','0001-01-01 00:00:00'),(272,5,'2020-01-25 11:46:47','0001-01-01 00:00:00'),(273,5,'2020-01-25 11:47:07','0001-01-01 00:00:00'),(274,5,'2020-01-25 11:48:21','0001-01-01 00:00:00'),(275,5,'2020-01-25 11:49:01','0001-01-01 00:00:00'),(276,5,'2020-01-25 11:54:40','0001-01-01 00:00:00'),(277,5,'2020-01-25 11:55:48','0001-01-01 00:00:00'),(278,5,'2020-01-25 11:57:48','0001-01-01 00:00:00'),(279,5,'2020-01-25 11:58:34','0001-01-01 00:00:00'),(280,5,'2020-01-25 12:00:22','0001-01-01 00:00:00'),(281,1,'2020-01-25 12:00:56','2020-01-25 12:00:57'),(282,5,'2020-01-25 12:01:05','2020-01-25 12:01:06'),(283,4,'2020-01-25 12:01:37','2020-01-25 12:01:38'),(284,1,'2020-01-25 12:25:51','2020-01-25 12:25:52'),(285,1,'2020-01-25 12:57:47','2020-01-25 12:57:48'),(286,1,'2020-01-25 13:00:27','2020-01-25 13:00:27'),(287,5,'2020-01-25 13:00:36','2020-01-25 13:00:36'),(288,5,'2020-01-25 13:00:42','2020-01-25 13:00:43'),(289,1,'2020-01-25 13:00:51','2020-01-25 13:00:52'),(290,1,'2020-01-25 13:00:55','0001-01-01 00:00:00'),(291,1,'2020-01-25 13:01:35','2020-01-25 13:01:35'),(292,5,'2020-01-25 13:01:42','2020-01-25 13:01:42'),(293,1,'2020-01-25 13:01:49','2020-01-25 13:01:49'),(294,1,'2020-01-25 13:02:25','2020-01-25 13:02:25'),(295,5,'2020-01-25 13:02:33','2020-01-25 13:02:33'),(296,5,'2020-01-25 13:03:38','2020-01-25 13:03:38'),(297,1,'2020-01-25 13:03:46','2020-01-25 13:03:46'),(298,1,'2020-01-25 13:04:41','2020-01-25 13:04:41'),(299,5,'2020-01-25 13:04:44','0001-01-01 00:00:00'),(300,1,'2020-01-25 13:05:18','2020-01-25 13:05:19'),(301,5,'2020-01-25 13:05:25','2020-01-25 13:05:25'),(302,5,'2020-01-25 13:05:27','2020-01-25 13:05:27'),(303,1,'2020-01-25 13:05:50','2020-01-25 13:05:51'),(304,5,'2020-01-25 13:05:58','2020-01-25 13:05:58'),(305,1,'2020-01-25 13:10:05','2020-01-25 13:10:05'),(306,5,'2020-01-25 13:10:12','2020-01-25 13:10:13'),(307,5,'2020-01-25 13:10:54','2020-01-25 13:10:55'),(308,1,'2020-01-25 13:11:05','2020-01-25 13:11:05'),(309,1,'2020-01-25 13:14:51','2020-01-25 13:14:52'),(310,1,'2020-01-25 13:14:54','2020-01-25 13:14:54'),(311,1,'2020-01-25 13:14:58','0001-01-01 00:00:00'),(312,1,'2020-01-25 13:16:00','2020-01-25 13:16:00'),(313,1,'2020-01-25 13:16:01','2020-01-25 13:16:02'),(314,1,'2020-01-25 13:17:58','2020-01-25 13:17:59'),(315,1,'2020-01-25 13:18:01','2020-01-25 13:18:01'),(316,1,'2020-01-25 13:18:11','2020-01-25 13:18:11'),(317,1,'2020-01-25 13:18:39','2020-01-25 13:18:40'),(318,5,'2020-01-25 13:18:50','2020-01-25 13:18:50'),(319,1,'2020-01-25 13:18:53','0001-01-01 00:00:00'),(320,1,'2020-01-25 13:19:23','2020-01-25 13:19:24'),(321,5,'2020-01-25 13:20:00','2020-01-25 13:20:00'),(322,5,'2020-01-25 13:20:17','2020-01-25 13:20:18'),(323,1,'2020-01-25 13:20:34','2020-01-25 13:20:34'),(324,1,'2020-01-25 13:20:41','2020-01-25 13:20:42'),(325,1,'2020-01-25 13:20:44','2020-01-25 13:20:45'),(326,1,'2020-01-25 13:22:03','2020-01-25 13:22:03'),(327,5,'2020-01-25 13:22:07','0001-01-01 00:00:00'),(328,1,'2020-01-25 13:25:05','2020-01-25 13:25:06'),(329,5,'2020-01-25 13:25:14','2020-01-25 13:25:14'),(330,5,'2020-01-25 13:25:27','0001-01-01 00:00:00'),(331,1,'2020-01-25 13:29:28','2020-01-25 13:29:29'),(332,5,'2020-01-25 13:29:42','2020-01-25 13:29:43'),(333,5,'2020-01-25 13:29:46','2020-01-25 13:29:47'),(334,1,'2020-01-25 13:30:00','2020-01-25 13:30:00'),(335,1,'2020-01-25 13:33:12','0001-01-01 00:00:00'),(336,1,'2020-01-25 13:33:38','2020-01-25 13:33:38'),(337,5,'2020-01-25 13:33:45','2020-01-25 13:33:46'),(338,5,'2020-01-25 13:33:49','2020-01-25 13:33:49'),(339,5,'2020-01-25 13:34:05','2020-01-25 13:34:05'),(340,1,'2020-01-25 13:34:16','2020-01-25 13:34:16'),(341,1,'2020-01-25 13:36:33','2020-01-25 13:36:33'),(342,5,'2020-01-25 13:36:40','2020-01-25 13:36:40'),(343,1,'2020-01-25 13:43:04','2020-01-25 13:43:04'),(344,5,'2020-01-25 13:43:11','2020-01-25 13:43:11'),(345,1,'2020-01-25 13:43:41','2020-01-25 13:43:42'),(346,5,'2020-01-25 13:43:48','2020-01-25 13:43:48'),(347,1,'2020-01-25 13:43:53','2020-01-25 13:43:54'),(348,5,'2020-01-25 13:44:00','2020-01-25 13:44:01'),(349,5,'2020-01-25 13:45:53','0001-01-01 00:00:00'),(350,5,'2020-01-25 13:46:02','0001-01-01 00:00:00'),(351,5,'2020-01-25 13:46:02','2020-01-25 13:46:02'),(352,5,'2020-01-25 13:46:03','2020-01-25 13:46:04'),(353,5,'2020-01-25 13:46:03','2020-01-25 13:46:04'),(354,1,'2020-01-25 13:46:25','0001-01-01 00:00:00'),(355,1,'2020-01-25 13:46:29','0001-01-01 00:00:00'),(356,1,'2020-01-25 13:46:29','2020-01-25 13:46:29'),(357,1,'2020-01-25 13:46:30','2020-01-25 13:46:30'),(358,1,'2020-01-25 13:46:30','2020-01-25 13:46:31'),(359,1,'2020-01-25 13:46:30','2020-01-25 13:46:31'),(360,1,'2020-01-25 13:46:30','2020-01-25 13:46:31'),(361,1,'2020-01-25 13:46:30','2020-01-25 13:46:31'),(362,1,'2020-01-25 13:46:31','2020-01-25 13:46:31'),(363,1,'2020-01-25 13:46:31','2020-01-25 13:46:31'),(364,1,'2020-01-25 13:47:27','0001-01-01 00:00:00'),(365,1,'2020-01-25 13:49:17','0001-01-01 00:00:00'),(366,1,'2020-01-25 13:49:17','2020-01-25 13:49:17'),(367,1,'2020-01-25 14:08:36','0001-01-01 00:00:00'),(368,1,'2020-01-25 14:09:18','0001-01-01 00:00:00'),(369,1,'2020-01-25 14:09:18','2020-01-25 14:09:19'),(370,1,'2020-01-25 14:12:36','0001-01-01 00:00:00'),(371,1,'2020-01-25 14:13:24','0001-01-01 00:00:00'),(372,1,'2020-01-25 14:14:21','0001-01-01 00:00:00'),(373,1,'2020-01-25 14:14:44','0001-01-01 00:00:00'),(374,1,'2020-01-25 15:27:47','0001-01-01 00:00:00'),(375,1,'2020-01-25 15:29:27','0001-01-01 00:00:00'),(376,1,'2020-01-25 15:30:46','0001-01-01 00:00:00'),(377,1,'2020-01-25 15:36:02','0001-01-01 00:00:00'),(378,1,'2020-01-25 15:36:27','0001-01-01 00:00:00'),(379,1,'2020-01-25 15:36:43','0001-01-01 00:00:00'),(380,1,'2020-01-25 16:12:29','0001-01-01 00:00:00'),(381,1,'2020-01-25 16:21:47','0001-01-01 00:00:00'),(382,1,'2020-01-25 16:22:31','0001-01-01 00:00:00'),(383,1,'2020-01-25 16:22:31','2020-01-25 16:22:32'),(384,1,'2020-01-25 16:22:32','2020-01-25 16:22:33'),(385,1,'2020-01-25 16:25:35','0001-01-01 00:00:00'),(386,1,'2020-01-25 16:32:21','0001-01-01 00:00:00'),(387,1,'2020-01-25 16:35:10','0001-01-01 00:00:00'),(388,1,'2020-01-25 16:35:50','0001-01-01 00:00:00'),(389,1,'2020-01-25 16:35:50','2020-01-25 16:35:51'),(390,1,'2020-01-25 16:36:12','0001-01-01 00:00:00'),(391,1,'2020-01-25 16:41:27','0001-01-01 00:00:00'),(392,1,'2020-01-25 16:44:30','0001-01-01 00:00:00'),(393,1,'2020-01-25 16:44:30','2020-01-25 16:44:31'),(394,1,'2020-01-25 16:44:33','2020-01-25 16:44:34'),(395,1,'2020-01-25 16:44:40','0001-01-01 00:00:00'),(396,1,'2020-01-25 16:52:58','0001-01-01 00:00:00'),(397,1,'2020-01-25 16:55:32','0001-01-01 00:00:00'),(398,1,'2020-01-25 16:56:37','0001-01-01 00:00:00'),(399,1,'2020-01-25 16:59:49','0001-01-01 00:00:00'),(400,1,'2020-01-25 16:59:49','2020-01-25 16:59:50'),(401,1,'2020-01-25 16:59:51','2020-01-25 16:59:52'),(402,1,'2020-01-25 17:01:15','2020-01-25 17:01:15'),(403,1,'2020-01-25 17:05:11','0001-01-01 00:00:00'),(404,1,'2020-01-25 17:13:31','0001-01-01 00:00:00'),(405,1,'2020-01-25 17:15:41','0001-01-01 00:00:00'),(406,1,'2020-01-25 17:20:11','0001-01-01 00:00:00'),(407,1,'2020-01-25 17:20:18','0001-01-01 00:00:00'),(408,1,'2020-01-25 17:20:19','2020-01-25 17:20:19'),(409,1,'2020-01-25 17:21:40','0001-01-01 00:00:00'),(410,1,'2020-01-25 17:22:06','0001-01-01 00:00:00'),(411,1,'2020-01-25 17:25:23','0001-01-01 00:00:00'),(412,1,'2020-01-25 17:26:32','0001-01-01 00:00:00'),(413,1,'2020-01-25 17:29:15','0001-01-01 00:00:00'),(414,1,'2020-01-25 17:30:30','0001-01-01 00:00:00'),(415,1,'2020-01-25 17:30:49','0001-01-01 00:00:00'),(416,1,'2020-01-25 17:32:21','0001-01-01 00:00:00'),(417,1,'2020-01-25 17:33:33','0001-01-01 00:00:00'),(418,1,'2020-01-25 17:33:39','0001-01-01 00:00:00'),(419,1,'2020-01-25 17:33:39','2020-01-25 17:33:40'),(420,1,'2020-01-25 17:34:03','0001-01-01 00:00:00'),(421,1,'2020-01-25 17:38:09','0001-01-01 00:00:00'),(422,1,'2020-01-25 17:38:13','0001-01-01 00:00:00'),(423,1,'2020-01-25 17:38:13','2020-01-25 17:38:14'),(424,1,'2020-01-25 17:38:25','0001-01-01 00:00:00'),(425,1,'2020-01-25 17:39:01','0001-01-01 00:00:00'),(426,1,'2020-01-25 17:40:40','0001-01-01 00:00:00'),(427,1,'2020-01-25 17:41:31','0001-01-01 00:00:00'),(428,1,'2020-01-25 17:42:28','0001-01-01 00:00:00'),(429,1,'2020-01-25 17:44:44','0001-01-01 00:00:00'),(430,1,'2020-01-25 17:46:15','0001-01-01 00:00:00'),(431,1,'2020-01-25 17:48:28','0001-01-01 00:00:00'),(432,1,'2020-01-25 17:53:51','0001-01-01 00:00:00'),(433,1,'2020-01-25 17:54:23','0001-01-01 00:00:00'),(434,1,'2020-01-25 17:55:44','0001-01-01 00:00:00'),(435,1,'2020-01-25 17:59:47','0001-01-01 00:00:00'),(436,1,'2020-01-25 18:01:01','0001-01-01 00:00:00'),(437,1,'2020-01-25 18:01:01','2020-01-25 18:01:02'),(438,1,'2020-01-25 18:01:34','0001-01-01 00:00:00'),(439,1,'2020-01-25 18:01:36','0001-01-01 00:00:00'),(440,1,'2020-01-25 18:01:36','2020-01-25 18:01:37'),(441,1,'2020-01-25 18:02:40','0001-01-01 00:00:00'),(442,1,'2020-01-25 18:07:17','0001-01-01 00:00:00'),(443,1,'2020-01-25 18:08:29','0001-01-01 00:00:00'),(444,1,'2020-01-25 18:10:27','0001-01-01 00:00:00');
/*!40000 ALTER TABLE `accountlogs` ENABLE KEYS */;
UNLOCK TABLES;

--
-- Table structure for table `ailments`
--

DROP TABLE IF EXISTS `ailments`;
/*!40101 SET @saved_cs_client     = @@character_set_client */;
 SET character_set_client = utf8mb4 ;
CREATE TABLE `ailments` (
  `Id` int(11) NOT NULL AUTO_INCREMENT,
  `Name` text,
  `Description` text,
  `LastModified` datetime DEFAULT CURRENT_TIMESTAMP ON UPDATE CURRENT_TIMESTAMP,
  PRIMARY KEY (`Id`)
) ENGINE=InnoDB AUTO_INCREMENT=8 DEFAULT CHARSET=utf8mb4 COLLATE=utf8mb4_0900_ai_ci;
/*!40101 SET character_set_client = @saved_cs_client */;

--
-- Dumping data for table `ailments`
--

LOCK TABLES `ailments` WRITE;
/*!40000 ALTER TABLE `ailments` DISABLE KEYS */;
INSERT INTO `ailments` VALUES (1,'Lagnat','Hot temparature','2019-02-11 21:30:17'),(2,'Diarrea','tae tae asdasd','2019-03-09 21:44:52'),(3,'Nagpatuli','qwe','2019-04-13 14:18:45'),(4,'Pregnancy Checkup','Buntis','2020-01-25 16:12:16');
/*!40000 ALTER TABLE `ailments` ENABLE KEYS */;
UNLOCK TABLES;

--
-- Table structure for table `eventlogs`
--

DROP TABLE IF EXISTS `eventlogs`;
/*!40101 SET @saved_cs_client     = @@character_set_client */;
 SET character_set_client = utf8mb4 ;
CREATE TABLE `eventlogs` (
  `Id` int(11) NOT NULL AUTO_INCREMENT,
  `Event` int(11) DEFAULT NULL,
  `PersonId` int(11) DEFAULT NULL,
  `LastModified` datetime DEFAULT CURRENT_TIMESTAMP ON UPDATE CURRENT_TIMESTAMP,
  `ConsultationId` int(11) DEFAULT NULL,
  PRIMARY KEY (`Id`)
) ENGINE=InnoDB AUTO_INCREMENT=13 DEFAULT CHARSET=utf8mb4 COLLATE=utf8mb4_0900_ai_ci;
/*!40101 SET character_set_client = @saved_cs_client */;

--
-- Dumping data for table `eventlogs`
--

LOCK TABLES `eventlogs` WRITE;
/*!40000 ALTER TABLE `eventlogs` DISABLE KEYS */;
INSERT INTO `eventlogs` VALUES (1,1,49,'2020-01-25 14:15:16',2),(2,1,49,'2020-01-25 15:29:41',4),(3,2,1,'2020-01-25 15:31:50',5),(4,2,56,'2020-01-25 16:41:54',6),(5,1,56,'2020-01-25 16:45:02',7),(6,2,49,'2020-01-25 16:49:46',8),(7,2,56,'2020-01-25 16:53:16',9),(8,2,49,'2020-01-25 16:57:23',10),(9,3,56,'2020-01-25 16:58:05',11),(10,3,56,'2020-01-25 17:16:01',12),(11,2,58,'2020-01-25 17:26:53',13),(12,2,58,'2020-01-25 18:00:09',14);
/*!40000 ALTER TABLE `eventlogs` ENABLE KEYS */;
UNLOCK TABLES;

--
-- Table structure for table `events`
--

DROP TABLE IF EXISTS `events`;
/*!40101 SET @saved_cs_client     = @@character_set_client */;
 SET character_set_client = utf8mb4 ;
CREATE TABLE `events` (
  `Id` int(11) NOT NULL AUTO_INCREMENT,
  `Title` varchar(100) DEFAULT NULL,
  `Description` text,
  `LastModified` datetime DEFAULT CURRENT_TIMESTAMP ON UPDATE CURRENT_TIMESTAMP,
  PRIMARY KEY (`Id`)
) ENGINE=InnoDB AUTO_INCREMENT=4 DEFAULT CHARSET=utf8mb4 COLLATE=utf8mb4_0900_ai_ci;
/*!40101 SET character_set_client = @saved_cs_client */;

--
-- Dumping data for table `events`
--

LOCK TABLES `events` WRITE;
/*!40000 ALTER TABLE `events` DISABLE KEYS */;
INSERT INTO `events` VALUES (1,'Milagrosa Center Checkup','sadsad','2020-01-25 14:15:48'),(2,'Barangay Tiniguiban','Regular checkup ','2020-01-25 15:36:55'),(3,'Yawa Event','SDsad','2020-01-25 16:57:51');
/*!40000 ALTER TABLE `events` ENABLE KEYS */;
UNLOCK TABLES;

--
-- Table structure for table `medical_consultation`
--

DROP TABLE IF EXISTS `medical_consultation`;
/*!40101 SET @saved_cs_client     = @@character_set_client */;
 SET character_set_client = utf8mb4 ;
CREATE TABLE `medical_consultation` (
  `Id` int(11) NOT NULL AUTO_INCREMENT,
  `PersonId` int(11) DEFAULT NULL,
  `AilmentGroupId` int(11) DEFAULT NULL,
  `BloodPressure` text,
  `Weight` varchar(45) DEFAULT NULL,
  `Height` varchar(45) DEFAULT NULL,
  `ExpectedChildGender` tinyint(4) DEFAULT NULL,
  `PregnancyDueDate` datetime DEFAULT NULL,
  `Diagnosis` text,
  `Remarks` text,
  `LastModified` datetime DEFAULT CURRENT_TIMESTAMP ON UPDATE CURRENT_TIMESTAMP,
  PRIMARY KEY (`Id`)
) ENGINE=InnoDB AUTO_INCREMENT=17 DEFAULT CHARSET=utf8mb4 COLLATE=utf8mb4_0900_ai_ci;
/*!40101 SET character_set_client = @saved_cs_client */;

--
-- Dumping data for table `medical_consultation`
--

LOCK TABLES `medical_consultation` WRITE;
/*!40000 ALTER TABLE `medical_consultation` DISABLE KEYS */;
INSERT INTO `medical_consultation` VALUES (1,1,1,'10/100','50','5\'2',NULL,NULL,'sadsad','asdsad','2020-01-25 16:16:10'),(2,49,1,'10/100','10','5\'2',NULL,NULL,'sadsad','sadsad','2020-01-25 16:16:10'),(3,1,1,'10/100','29','5\'2',NULL,NULL,'asdad','sdasd','2020-01-25 16:16:10'),(4,49,1,'10/100','40','5\'2',NULL,NULL,'qwewq','wqewqe','2020-01-25 16:16:10'),(5,1,1,'10/100','60','5\'2',NULL,NULL,'sadsad','asdsa','2020-01-25 16:16:10'),(6,56,4,NULL,NULL,NULL,NULL,NULL,'adsad','sadsad','2020-01-25 16:41:54'),(7,56,1,NULL,NULL,NULL,NULL,NULL,'sads','sadsad','2020-01-25 16:45:02'),(8,49,1,NULL,NULL,NULL,NULL,NULL,'zsdadsad','zszsz','2020-01-25 16:49:31'),(9,56,4,NULL,NULL,NULL,NULL,NULL,'sadsad','asdsad','2020-01-25 16:53:13'),(10,49,1,NULL,NULL,NULL,NULL,NULL,'sadsad','asdsad','2020-01-25 16:57:22'),(11,56,1,NULL,NULL,NULL,NULL,NULL,'sadsad','asdsadsada','2020-01-25 16:58:01'),(12,56,1,NULL,NULL,NULL,0,'0001-01-01 00:00:00','sadsad','asdsad','2020-01-25 17:16:01'),(13,58,1,NULL,NULL,NULL,0,'0001-01-01 00:00:00','asdsad','sadsad','2020-01-25 17:26:53'),(14,58,1,'asd','awaw','aawwa',2,'2020-01-31 17:59:55','sadsad','asdsad','2020-01-25 18:00:09'),(15,49,1,'sadsad','sadsad','sadsad',0,'2020-01-25 18:07:21','sadsad','sadsad','2020-01-25 18:07:26'),(16,1,1,'sadsad','sadsad','sadsad',0,'2020-01-25 18:07:49','asdsad','sadsadsad','2020-01-25 18:07:51');
/*!40000 ALTER TABLE `medical_consultation` ENABLE KEYS */;
UNLOCK TABLES;

--
-- Table structure for table `person`
--

DROP TABLE IF EXISTS `person`;
/*!40101 SET @saved_cs_client     = @@character_set_client */;
 SET character_set_client = utf8mb4 ;
CREATE TABLE `person` (
  `Id` int(11) NOT NULL AUTO_INCREMENT,
  `CategoryId` int(11) DEFAULT NULL,
  `FirstName` text,
  `LastName` text,
  `MiddleName` text,
  `CivilStatus` tinyint(3) DEFAULT '1',
  `Suffix` text,
  `Gender` tinyint(4) DEFAULT NULL,
  `BirthDate` datetime DEFAULT NULL,
  `Address` text,
  `LastModified` datetime DEFAULT CURRENT_TIMESTAMP ON UPDATE CURRENT_TIMESTAMP,
  `CreatedBy` int(11) DEFAULT NULL,
  `CivilPartnerName` text,
  PRIMARY KEY (`Id`)
) ENGINE=InnoDB AUTO_INCREMENT=59 DEFAULT CHARSET=utf8mb4 COLLATE=utf8mb4_0900_ai_ci;
/*!40101 SET character_set_client = @saved_cs_client */;

--
-- Dumping data for table `person`
--

LOCK TABLES `person` WRITE;
/*!40000 ALTER TABLE `person` DISABLE KEYS */;
INSERT INTO `person` VALUES (1,1,'Kim','AVILLANOSA','SAMANIEGO',1,'sr',2,'2020-01-25 17:00:29','qwe','2020-01-25 17:00:40',NULL,NULL),(49,3,'Pepito qweqweqwe','Manaloto yawa','Pedro',1,'Jr.',2,'2019-02-15 00:00:18','Bisakol','2020-01-25 12:00:13',NULL,NULL),(56,1,'Hela','Punk','a',1,'',2,'2020-01-25 16:37:05','asdsad','2020-01-25 16:37:23',NULL,NULL),(57,2,'sadsad','sadsad','sadsad',0,'asd',1,'2020-01-25 17:41:52','sadsad','2020-01-25 17:41:56',NULL,''),(58,2,'sadsad','sadsad','asdsad',0,'sadsad',1,'2020-01-25 17:28:03','asdsad','2020-01-25 17:28:06',NULL,'awaw');
/*!40000 ALTER TABLE `person` ENABLE KEYS */;
UNLOCK TABLES;

--
-- Table structure for table `personcategory`
--

DROP TABLE IF EXISTS `personcategory`;
/*!40101 SET @saved_cs_client     = @@character_set_client */;
 SET character_set_client = utf8mb4 ;
CREATE TABLE `personcategory` (
  `ID` int(11) NOT NULL AUTO_INCREMENT,
  `Value` varchar(45) DEFAULT NULL,
  `Description` varchar(45) DEFAULT NULL,
  `LastModified` datetime DEFAULT CURRENT_TIMESTAMP ON UPDATE CURRENT_TIMESTAMP,
  PRIMARY KEY (`ID`)
) ENGINE=InnoDB AUTO_INCREMENT=10 DEFAULT CHARSET=utf8mb4 COLLATE=utf8mb4_0900_ai_ci;
/*!40101 SET character_set_client = @saved_cs_client */;

--
-- Dumping data for table `personcategory`
--

LOCK TABLES `personcategory` WRITE;
/*!40000 ALTER TABLE `personcategory` DISABLE KEYS */;
INSERT INTO `personcategory` VALUES (1,'Pregnant','Member of a certain area','2019-02-14 22:00:46'),(2,'Child','Infant or a person 1 - 13 yrs old','2019-02-14 22:00:46'),(3,'Person with Disability','Physically or mentally impaired person','2019-02-14 22:00:46');
/*!40000 ALTER TABLE `personcategory` ENABLE KEYS */;
UNLOCK TABLES;

--
-- Table structure for table `useraccount`
--

DROP TABLE IF EXISTS `useraccount`;
/*!40101 SET @saved_cs_client     = @@character_set_client */;
 SET character_set_client = utf8mb4 ;
CREATE TABLE `useraccount` (
  `Id` int(11) NOT NULL AUTO_INCREMENT,
  `Username` varchar(30) DEFAULT NULL,
  `Password` varchar(30) DEFAULT NULL,
  `Type` tinyint(4) DEFAULT NULL,
  `AccountStatus` tinyint(4) DEFAULT NULL,
  `LastModified` datetime DEFAULT CURRENT_TIMESTAMP ON UPDATE CURRENT_TIMESTAMP,
  PRIMARY KEY (`Id`)
) ENGINE=InnoDB AUTO_INCREMENT=6 DEFAULT CHARSET=utf8mb4 COLLATE=utf8mb4_0900_ai_ci;
/*!40101 SET character_set_client = @saved_cs_client */;

--
-- Dumping data for table `useraccount`
--

LOCK TABLES `useraccount` WRITE;
/*!40000 ALTER TABLE `useraccount` DISABLE KEYS */;
INSERT INTO `useraccount` VALUES (1,'kmavillanosa','zxczxc',101,1,'2019-02-14 22:48:38'),(4,'kzandueta','12345',100,1,'2019-04-13 14:21:26'),(5,'myraxys','zxczxc',102,1,'2020-01-25 10:30:47');
/*!40000 ALTER TABLE `useraccount` ENABLE KEYS */;
UNLOCK TABLES;
/*!40103 SET TIME_ZONE=@OLD_TIME_ZONE */;

/*!40101 SET SQL_MODE=@OLD_SQL_MODE */;
/*!40014 SET FOREIGN_KEY_CHECKS=@OLD_FOREIGN_KEY_CHECKS */;
/*!40014 SET UNIQUE_CHECKS=@OLD_UNIQUE_CHECKS */;
/*!40101 SET CHARACTER_SET_CLIENT=@OLD_CHARACTER_SET_CLIENT */;
/*!40101 SET CHARACTER_SET_RESULTS=@OLD_CHARACTER_SET_RESULTS */;
/*!40101 SET COLLATION_CONNECTION=@OLD_COLLATION_CONNECTION */;
/*!40111 SET SQL_NOTES=@OLD_SQL_NOTES */;

-- Dump completed on 2020-01-25 18:20:25
